date_recovered,province,cumulative_recovered,Unnamed: 3,Unnamed: 4,province_source,source
2020-06-18,Alberta,6938.0,,,Alberta,https://www.alberta.ca/covid-19-alberta-data.aspx
2020-06-17,Alberta,6893.0,,,BC,http://www.bccdc.ca/health-info/diseases-conditions/covid-19/case-counts-press-statements
2020-06-16,Alberta,6882.0,,,Manitoba,https://www.gov.mb.ca/covid19/index.html
2020-06-15,Alberta,6862.0,,,New Brunswick,https://www2.gnb.ca/content/gnb/en/departments/ocmoh/cdc/content/respiratory_diseases/coronavirus.html
2020-06-14,Alberta,6861.0,,,NL,https://www.gov.nl.ca/covid-19/
2020-06-13,Alberta,6830.0,,,Nova Scotia,https://novascotia.ca/coronavirus/#cases
2020-06-12,Alberta,6811.0,,,Nunavut,https://www.gov.nu.ca/
2020-06-11,Alberta,6788.0,,,NWT,https://www.hss.gov.nt.ca/en/services/coronavirus-disease-covid-19
2020-06-10,Alberta,6754.0,,,Ontario,https://www.ontario.ca/page/2019-novel-coronavirus#section-0
2020-06-09,Alberta,6722.0,,,PEI,https://www.princeedwardisland.ca/en/topic/covid-19
2020-06-08,Alberta,6698.0,,,Quebec,https://www.msss.gouv.qc.ca/professionnels/maladies-infectieuses/coronavirus-2019-ncov/
2020-06-07,Alberta,6656.0,,,Saskatchewan,https://www.saskatchewan.ca/government/health-care-administration-and-provider-resources/treatment-procedures-and-guidelines/emerging-public-health-issues/2019-novel-coronavirus/cases-and-risk-of-covid-19-in-saskatchewan
2020-06-06,Alberta,6656.0,,,Yukon,https://yukon.ca/en/information-about-novel-coronavirus-yukoners
2020-06-05,Alberta,6624.0,,,,
2020-06-04,Alberta,6611.0,,,,
2020-06-03,Alberta,6587.0,,,,
2020-06-02,Alberta,6537.0,,,,
2020-06-01,Alberta,6501.0,,,,
2020-05-31,Alberta,6283.0,,,,
2020-05-30,Alberta,6245.0,,,,
2020-05-29,Alberta,6220.0,,,,
2020-05-28,Alberta,6160.0,,,,
2020-05-27,Alberta,6106.0,,,,
2020-05-26,Alberta,6048.0,,,,
2020-05-25,Alberta,5979.0,,,,
2020-05-24,Alberta,5924.0,,,,
2020-05-23,Alberta,5869.0,,,,
2020-05-22,Alberta,5801.0,,,,
2020-05-21,Alberta,5710.0,,,,
2020-05-20,Alberta,5637.0,,,,
2020-05-19,Alberta,5584.0,,,,
2020-05-18,Alberta,5519.0,,,,
2020-05-17,Alberta,5453.0,,,,
2020-05-16,Alberta,5377.0,,,,
2020-05-15,Alberta,5317.0,,,,
2020-05-14,Alberta,5205.0,,,,
2020-05-13,Alberta,5076.0,,,,
2020-05-12,Alberta,4866.0,,,,
2020-05-11,Alberta,4659.0,,,,
2020-05-10,Alberta,4389.0,,,,
2020-05-09,Alberta,4204.0,,,,
2020-05-08,Alberta,4020.0,,,,
2020-05-07,Alberta,3809.0,,,,
2020-05-06,Alberta,3552.0,,,,
2020-05-05,Alberta,3219.0,,,,
2020-05-04,Alberta,2942.0,,,,
2020-05-03,Alberta,2713.0,,,,
2020-05-02,Alberta,2534.0,,,,
2020-05-01,Alberta,2359.0,,,,
2020-04-30,Alberta,2161.0,,,,
2020-04-29,Alberta,1953.0,,,,
2020-04-28,Alberta,1800.0,,,,
2020-04-27,Alberta,1664.0,,,,
2020-04-26,Alberta,1549.0,,,,
2020-04-25,Alberta,1471.0,,,,
2020-04-24,Alberta,1397.0,,,,
2020-04-23,Alberta,1357.0,,,,
2020-04-22,Alberta,1310.0,,,,
2020-04-21,Alberta,1273.0,,,,
2020-04-20,Alberta,1230.0,,,,
2020-04-19,Alberta,1198.0,,,,
2020-04-18,Alberta,1162.0,,,,
2020-04-17,Alberta,1124.0,,,,
2020-04-16,Alberta,914.0,,,,
2020-04-15,Alberta,914.0,,,,
2020-04-14,Alberta,914.0,,,,
2020-04-13,Alberta,877.0,,,,
2020-04-12,Alberta,823.0,,,,
2020-04-11,Alberta,774.0,,,,
2020-04-10,Alberta,713.0,,,,
2020-04-09,Alberta,592.0,,,,
2020-04-08,Alberta,519.0,,,,
2020-04-07,Alberta,447.0,,,,
2020-04-06,Alberta,361.0,,,,
2020-04-05,Alberta,279.0,,,,
2020-04-04,Alberta,196.0,,,,
2020-04-03,Alberta,196.0,,,,
2020-04-02,Alberta,174.0,,,,
2020-04-01,Alberta,142.0,,,,
2020-03-31,Alberta,120.0,,,,
2020-03-30,Alberta,94.0,,,,
2020-03-29,Alberta,73.0,,,,
2020-03-28,Alberta,53.0,,,,
2020-03-27,Alberta,33.0,,,,
2020-03-26,Alberta,27.0,,,,
2020-03-25,Alberta,3.0,,,,
2020-03-24,Alberta,3.0,,,,
2020-03-23,Alberta,3.0,,,,
2020-03-22,Alberta,3.0,,,,
2020-03-21,Alberta,3.0,,,,
2020-03-20,Alberta,3.0,,,,
2020-03-19,Alberta,2.0,,,,
2020-03-18,Alberta,0.0,,,,
2020-03-17,Alberta,0.0,,,,
2020-03-16,Alberta,0.0,,,,
2020-03-15,Alberta,0.0,,,,
2020-03-14,Alberta,0.0,,,,
2020-03-13,Alberta,0.0,,,,
2020-03-12,Alberta,0.0,,,,
2020-03-11,Alberta,0.0,,,,
2020-03-10,Alberta,0.0,,,,
2020-03-09,Alberta,0.0,,,,
2020-03-08,Alberta,0.0,,,,
2020-03-07,Alberta,0.0,,,,
2020-03-06,Alberta,0.0,,,,
2020-03-05,Alberta,0.0,,,,
2020-03-04,Alberta,,,,,
2020-03-03,Alberta,,,,,
2020-03-02,Alberta,,,,,
2020-03-01,Alberta,,,,,
2020-02-29,Alberta,,,,,
2020-02-28,Alberta,,,,,
2020-02-27,Alberta,,,,,
2020-02-26,Alberta,,,,,
2020-02-25,Alberta,,,,,
2020-02-24,Alberta,,,,,
2020-02-23,Alberta,,,,,
2020-02-22,Alberta,,,,,
2020-02-21,Alberta,,,,,
2020-02-20,Alberta,,,,,
2020-02-19,Alberta,,,,,
2020-02-18,Alberta,,,,,
2020-02-17,Alberta,,,,,
2020-02-16,Alberta,,,,,
2020-02-15,Alberta,,,,,
2020-02-14,Alberta,,,,,
2020-02-13,Alberta,,,,,
2020-02-12,Alberta,,,,,
2020-06-18,BC,2425.0,,,,
2020-06-17,BC,2422.0,,,,
2020-06-16,BC,2416.0,,,,
2020-06-15,BC,2395.0,,,,
2020-06-14,BC,2354.0,,,,
2020-06-13,BC,2354.0,,,,
2020-06-12,BC,2354.0,,,,
2020-06-11,BC,2344.0,,,,
2020-06-10,BC,2328.0,,,,
2020-06-09,BC,2319.0,,,,
2020-06-08,BC,2309.0,,,,
2020-06-07,BC,2272.0,,,,
2020-06-06,BC,2272.0,,,,
2020-06-05,BC,2272.0,,,,
2020-06-04,BC,2265.0,,,,
2020-06-03,BC,2243.0,,,,
2020-06-02,BC,2229.0,,,,
2020-06-01,BC,2207.0,,,,
2020-05-31,BC,2181.0,,,,
2020-05-30,BC,2181.0,,,,
2020-05-29,BC,2170.0,,,,
2020-05-28,BC,2153.0,,,,
2020-05-27,BC,2144.0,,,,
2020-05-26,BC,2122.0,,,,
2020-05-25,BC,2102.0,,,,
2020-05-24,BC,2057.0,,,,
2020-05-23,BC,2057.0,,,,
2020-05-22,BC,2042.0,,,,
2020-05-21,BC,2020.0,,,,
2020-05-20,BC,2001.0,,,,
2020-05-19,BC,1975.0,,,,
2020-05-18,BC,1966.0,,,,
2020-05-17,BC,1932.0,,,,
2020-05-16,BC,1932.0,,,,
2020-05-15,BC,1908.0,,,,
2020-05-14,BC,1885.0,,,,
2020-05-13,BC,1859.0,,,,
2020-05-12,BC,1832.0,,,,
2020-05-11,BC,1719.0,,,,
2020-05-10,BC,1659.0,,,,
2020-05-09,BC,1659.0,,,,
2020-05-08,BC,1579.0,,,,
2020-05-07,BC,1512.0,,,,
2020-05-06,BC,1494.0,,,,
2020-05-05,BC,1472.0,,,,
2020-05-04,BC,1417.0,,,,
2020-05-03,BC,1376.0,,,,
2020-05-02,BC,1376.0,,,,
2020-05-01,BC,1357.0,,,,
2020-04-30,BC,1322.0,,,,
2020-04-29,BC,1305.0,,,,
2020-04-28,BC,1231.0,,,,
2020-04-27,BC,1190.0,,,,
2020-04-26,BC,1137.0,,,,
2020-04-25,BC,1137.0,,,,
2020-04-24,BC,1114.0,,,,
2020-04-23,BC,1092.0,,,,
2020-04-22,BC,1079.0,,,,
2020-04-21,BC,1041.0,,,,
2020-04-20,BC,1039.0,,,,
2020-04-19,BC,987.0,,,,
2020-04-18,BC,987.0,,,,
2020-04-17,BC,966.0,,,,
2020-04-16,BC,966.0,,,,
2020-04-15,BC,955.0,,,,
2020-04-14,BC,942.0,,,,
2020-04-13,BC,926.0,,,,
2020-04-12,BC,905.0,,,,
2020-04-11,BC,905.0,,,,
2020-04-10,BC,879.0,,,,
2020-04-09,BC,858.0,,,,
2020-04-08,BC,838.0,,,,
2020-04-07,BC,805.0,,,,
2020-04-06,BC,783.0,,,,
2020-04-05,BC,704.0,,,,
2020-04-04,BC,704.0,,,,
2020-04-03,BC,673.0,,,,
2020-04-02,BC,641.0,,,,
2020-04-01,BC,606.0,,,,
2020-03-31,BC,507.0,,,,
2020-03-30,BC,469.0,,,,
2020-03-29,BC,396.0,,,,
2020-03-28,BC,396.0,,,,
2020-03-27,BC,275.0,,,,
2020-03-26,BC,186.0,,,,
2020-03-25,BC,183.0,,,,
2020-03-24,BC,173.0,,,,
2020-03-23,BC,100.0,,,,
2020-03-22,BC,6.0,,,,
2020-03-21,BC,6.0,,,,
2020-03-20,BC,6.0,,,,
2020-03-19,BC,5.0,,,,
2020-03-18,BC,5.0,,,,
2020-03-17,BC,5.0,,,,
2020-03-16,BC,5.0,,,,
2020-03-15,BC,5.0,,,,
2020-03-14,BC,5.0,,,,
2020-03-13,BC,5.0,,,,
2020-03-12,BC,4.0,,,,
2020-03-11,BC,4.0,,,,
2020-03-10,BC,4.0,,,,
2020-03-09,BC,4.0,,,,
2020-03-08,BC,4.0,,,,
2020-03-07,BC,4.0,,,,
2020-03-06,BC,4.0,,,,
2020-03-05,BC,4.0,,,,
2020-03-04,BC,4.0,,,,
2020-03-03,BC,4.0,,,,
2020-03-02,BC,4.0,,,,
2020-03-01,BC,4.0,,,,
2020-02-29,BC,4.0,,,,
2020-02-28,BC,4.0,,,,
2020-02-27,BC,4.0,,,,
2020-02-26,BC,4.0,,,,
2020-02-25,BC,4.0,,,,
2020-02-24,BC,1.0,,,,
2020-02-23,BC,1.0,,,,
2020-02-22,BC,1.0,,,,
2020-02-21,BC,1.0,,,,
2020-02-20,BC,1.0,,,,
2020-02-19,BC,1.0,,,,
2020-02-18,BC,0.0,,,,
2020-02-17,BC,0.0,,,,
2020-02-16,BC,0.0,,,,
2020-02-15,BC,0.0,,,,
2020-02-14,BC,0.0,,,,
2020-02-13,BC,0.0,,,,
2020-02-12,BC,0.0,,,,
2020-06-18,Manitoba,293.0,,,,
2020-06-17,Manitoba,293.0,,,,
2020-06-16,Manitoba,292.0,,,,
2020-06-15,Manitoba,292.0,,,,
2020-06-14,Manitoba,289.0,,,,
2020-06-13,Manitoba,289.0,,,,
2020-06-12,Manitoba,289.0,,,,
2020-06-11,Manitoba,286.0,,,,
2020-06-10,Manitoba,285.0,,,,
2020-06-09,Manitoba,285.0,,,,
2020-06-08,Manitoba,284.0,,,,
2020-06-07,Manitoba,284.0,,,,
2020-06-06,Manitoba,284.0,,,,
2020-06-05,Manitoba,284.0,,,,
2020-06-04,Manitoba,284.0,,,,
2020-06-03,Manitoba,282.0,,,,
2020-06-02,Manitoba,278.0,,,,
2020-06-01,Manitoba,278.0,,,,
2020-05-31,Manitoba,278.0,,,,
2020-05-30,Manitoba,278.0,,,,
2020-05-29,Manitoba,273.0,,,,
2020-05-28,Manitoba,273.0,,,,
2020-05-27,Manitoba,271.0,,,,
2020-05-26,Manitoba,269.0,,,,
2020-05-25,Manitoba,268.0,,,,
2020-05-24,Manitoba,268.0,,,,
2020-05-23,Manitoba,268.0,,,,
2020-05-22,Manitoba,267.0,,,,
2020-05-21,Manitoba,265.0,,,,
2020-05-20,Manitoba,260.0,,,,
2020-05-19,Manitoba,257.0,,,,
2020-05-18,Manitoba,257.0,,,,
2020-05-17,Manitoba,257.0,,,,
2020-05-16,Manitoba,257.0,,,,
2020-05-15,Manitoba,254.0,,,,
2020-05-14,Manitoba,252.0,,,,
2020-05-13,Manitoba,251.0,,,,
2020-05-12,Manitoba,251.0,,,,
2020-05-11,Manitoba,247.0,,,,
2020-05-10,Manitoba,247.0,,,,
2020-05-09,Manitoba,247.0,,,,
2020-05-08,Manitoba,247.0,,,,
2020-05-07,Manitoba,243.0,,,,
2020-05-06,Manitoba,242.0,,,,
2020-05-05,Manitoba,238.0,,,,
2020-05-04,Manitoba,238.0,,,,
2020-05-03,Manitoba,237.0,,,,
2020-05-02,Manitoba,236.0,,,,
2020-05-01,Manitoba,235.0,,,,
2020-04-30,Manitoba,220.0,,,,
2020-04-29,Manitoba,213.0,,,,
2020-04-28,Manitoba,209.0,,,,
2020-04-27,Manitoba,205.0,,,,
2020-04-26,Manitoba,199.0,,,,
2020-04-25,Manitoba,199.0,,,,
2020-04-24,Manitoba,196.0,,,,
2020-04-23,Manitoba,174.0,,,,
2020-04-22,Manitoba,154.0,,,,
2020-04-21,Manitoba,150.0,,,,
2020-04-20,Manitoba,144.0,,,,
2020-04-19,Manitoba,143.0,,,,
2020-04-18,Manitoba,140.0,,,,
2020-04-17,Manitoba,132.0,,,,
2020-04-16,Manitoba,121.0,,,,
2020-04-15,Manitoba,108.0,,,,
2020-04-14,Manitoba,99.0,,,,
2020-04-13,Manitoba,99.0,,,,
2020-04-12,Manitoba,96.0,,,,
2020-04-11,Manitoba,96.0,,,,
2020-04-10,Manitoba,92.0,,,,
2020-04-09,Manitoba,76.0,,,,
2020-04-08,Manitoba,69.0,,,,
2020-04-07,Manitoba,21.0,,,,
2020-04-06,Manitoba,17.0,,,,
2020-04-05,Manitoba,17.0,,,,
2020-04-04,Manitoba,17.0,,,,
2020-04-03,Manitoba,11.0,,,,
2020-04-02,Manitoba,11.0,,,,
2020-04-01,Manitoba,4.0,,,,
2020-03-31,Manitoba,4.0,,,,
2020-03-30,Manitoba,2.0,,,,
2020-03-29,Manitoba,2.0,,,,
2020-03-28,Manitoba,0.0,,,,
2020-03-27,Manitoba,0.0,,,,
2020-03-26,Manitoba,0.0,,,,
2020-03-25,Manitoba,0.0,,,,
2020-03-24,Manitoba,0.0,,,,
2020-03-23,Manitoba,0.0,,,,
2020-03-22,Manitoba,0.0,,,,
2020-03-21,Manitoba,0.0,,,,
2020-03-20,Manitoba,0.0,,,,
2020-03-19,Manitoba,0.0,,,,
2020-03-18,Manitoba,0.0,,,,
2020-03-17,Manitoba,0.0,,,,
2020-03-16,Manitoba,0.0,,,,
2020-03-15,Manitoba,0.0,,,,
2020-03-14,Manitoba,0.0,,,,
2020-03-13,Manitoba,0.0,,,,
2020-03-12,Manitoba,0.0,,,,
2020-03-11,Manitoba,,,,,
2020-03-10,Manitoba,,,,,
2020-03-09,Manitoba,,,,,
2020-03-08,Manitoba,,,,,
2020-03-07,Manitoba,,,,,
2020-03-06,Manitoba,,,,,
2020-03-05,Manitoba,,,,,
2020-03-04,Manitoba,,,,,
2020-03-03,Manitoba,,,,,
2020-03-02,Manitoba,,,,,
2020-03-01,Manitoba,,,,,
2020-02-29,Manitoba,,,,,
2020-02-28,Manitoba,,,,,
2020-02-27,Manitoba,,,,,
2020-02-26,Manitoba,,,,,
2020-02-25,Manitoba,,,,,
2020-02-24,Manitoba,,,,,
2020-02-23,Manitoba,,,,,
2020-02-22,Manitoba,,,,,
2020-02-21,Manitoba,,,,,
2020-02-20,Manitoba,,,,,
2020-02-19,Manitoba,,,,,
2020-02-18,Manitoba,,,,,
2020-02-17,Manitoba,,,,,
2020-02-16,Manitoba,,,,,
2020-02-15,Manitoba,,,,,
2020-02-14,Manitoba,,,,,
2020-02-13,Manitoba,,,,,
2020-02-12,Manitoba,,,,,
2020-06-18,New Brunswick,135.0,,,,
2020-06-17,New Brunswick,133.0,,,,
2020-06-16,New Brunswick,131.0,,,,
2020-06-15,New Brunswick,129.0,,,,
2020-06-14,New Brunswick,129.0,,,,
2020-06-13,New Brunswick,126.0,,,,
2020-06-12,New Brunswick,125.0,,,,
2020-06-11,New Brunswick,123.0,,,,
2020-06-10,New Brunswick,121.0,,,,
2020-06-09,New Brunswick,121.0,,,,
2020-06-08,New Brunswick,121.0,,,,
2020-06-07,New Brunswick,121.0,,,,
2020-06-06,New Brunswick,121.0,,,,
2020-06-05,New Brunswick,121.0,,,,
2020-06-04,New Brunswick,120.0,,,,
2020-06-03,New Brunswick,120.0,,,,
2020-06-02,New Brunswick,120.0,,,,
2020-06-01,New Brunswick,120.0,,,,
2020-05-31,New Brunswick,120.0,,,,
2020-05-30,New Brunswick,120.0,,,,
2020-05-29,New Brunswick,120.0,,,,
2020-05-28,New Brunswick,120.0,,,,
2020-05-27,New Brunswick,120.0,,,,
2020-05-26,New Brunswick,120.0,,,,
2020-05-25,New Brunswick,120.0,,,,
2020-05-24,New Brunswick,120.0,,,,
2020-05-23,New Brunswick,120.0,,,,
2020-05-22,New Brunswick,120.0,,,,
2020-05-21,New Brunswick,120.0,,,,
2020-05-20,New Brunswick,120.0,,,,
2020-05-19,New Brunswick,120.0,,,,
2020-05-18,New Brunswick,120.0,,,,
2020-05-17,New Brunswick,120.0,,,,
2020-05-16,New Brunswick,120.0,,,,
2020-05-15,New Brunswick,119.0,,,,
2020-05-14,New Brunswick,118.0,,,,
2020-05-13,New Brunswick,118.0,,,,
2020-05-12,New Brunswick,118.0,,,,
2020-05-11,New Brunswick,118.0,,,,
2020-05-10,New Brunswick,118.0,,,,
2020-05-09,New Brunswick,118.0,,,,
2020-05-08,New Brunswick,118.0,,,,
2020-05-07,New Brunswick,118.0,,,,
2020-05-06,New Brunswick,118.0,,,,
2020-05-05,New Brunswick,118.0,,,,
2020-05-04,New Brunswick,118.0,,,,
2020-05-03,New Brunswick,118.0,,,,
2020-05-02,New Brunswick,118.0,,,,
2020-05-01,New Brunswick,116.0,,,,
2020-04-30,New Brunswick,114.0,,,,
2020-04-29,New Brunswick,114.0,,,,
2020-04-28,New Brunswick,114.0,,,,
2020-04-27,New Brunswick,112.0,,,,
2020-04-26,New Brunswick,111.0,,,,
2020-04-25,New Brunswick,107.0,,,,
2020-04-24,New Brunswick,107.0,,,,
2020-04-23,New Brunswick,104.0,,,,
2020-04-22,New Brunswick,104.0,,,,
2020-04-21,New Brunswick,102.0,,,,
2020-04-20,New Brunswick,98.0,,,,
2020-04-19,New Brunswick,92.0,,,,
2020-04-18,New Brunswick,87.0,,,,
2020-04-17,New Brunswick,83.0,,,,
2020-04-16,New Brunswick,80.0,,,,
2020-04-15,New Brunswick,77.0,,,,
2020-04-14,New Brunswick,75.0,,,,
2020-04-13,New Brunswick,74.0,,,,
2020-04-12,New Brunswick,70.0,,,,
2020-04-11,New Brunswick,70.0,,,,
2020-04-10,New Brunswick,60.0,,,,
2020-04-09,New Brunswick,53.0,,,,
2020-04-08,New Brunswick,50.0,,,,
2020-04-07,New Brunswick,39.0,,,,
2020-04-06,New Brunswick,30.0,,,,
2020-04-05,New Brunswick,28.0,,,,
2020-04-04,New Brunswick,28.0,,,,
2020-04-03,New Brunswick,25.0,,,,
2020-04-02,New Brunswick,22.0,,,,
2020-04-01,New Brunswick,14.0,,,,
2020-03-31,New Brunswick,9.0,,,,
2020-03-30,New Brunswick,2.0,,,,
2020-03-29,New Brunswick,2.0,,,,
2020-03-28,New Brunswick,2.0,,,,
2020-03-27,New Brunswick,1.0,,,,
2020-03-26,New Brunswick,0.0,,,,
2020-03-25,New Brunswick,0.0,,,,
2020-03-24,New Brunswick,0.0,,,,
2020-03-23,New Brunswick,0.0,,,,
2020-03-22,New Brunswick,0.0,,,,
2020-03-21,New Brunswick,0.0,,,,
2020-03-20,New Brunswick,0.0,,,,
2020-03-19,New Brunswick,0.0,,,,
2020-03-18,New Brunswick,0.0,,,,
2020-03-17,New Brunswick,0.0,,,,
2020-03-16,New Brunswick,0.0,,,,
2020-03-15,New Brunswick,0.0,,,,
2020-03-14,New Brunswick,0.0,,,,
2020-03-13,New Brunswick,0.0,,,,
2020-03-12,New Brunswick,0.0,,,,
2020-03-11,New Brunswick,,,,,
2020-03-10,New Brunswick,,,,,
2020-03-09,New Brunswick,,,,,
2020-03-08,New Brunswick,,,,,
2020-03-07,New Brunswick,,,,,
2020-03-06,New Brunswick,,,,,
2020-03-05,New Brunswick,,,,,
2020-03-04,New Brunswick,,,,,
2020-03-03,New Brunswick,,,,,
2020-03-02,New Brunswick,,,,,
2020-03-01,New Brunswick,,,,,
2020-02-29,New Brunswick,,,,,
2020-02-28,New Brunswick,,,,,
2020-02-27,New Brunswick,,,,,
2020-02-26,New Brunswick,,,,,
2020-02-25,New Brunswick,,,,,
2020-02-24,New Brunswick,,,,,
2020-02-23,New Brunswick,,,,,
2020-02-22,New Brunswick,,,,,
2020-02-21,New Brunswick,,,,,
2020-02-20,New Brunswick,,,,,
2020-02-19,New Brunswick,,,,,
2020-02-18,New Brunswick,,,,,
2020-02-17,New Brunswick,,,,,
2020-02-16,New Brunswick,,,,,
2020-02-15,New Brunswick,,,,,
2020-02-14,New Brunswick,,,,,
2020-02-13,New Brunswick,,,,,
2020-02-12,New Brunswick,,,,,
2020-06-18,NL,258.0,,,,
2020-06-17,NL,257.0,,,,
2020-06-16,NL,257.0,,,,
2020-06-15,NL,257.0,,,,
2020-06-14,NL,256.0,,,,
2020-06-13,NL,256.0,,,,
2020-06-12,NL,256.0,,,,
2020-06-11,NL,256.0,,,,
2020-06-10,NL,256.0,,,,
2020-06-09,NL,256.0,,,,
2020-06-08,NL,256.0,,,,
2020-06-07,NL,256.0,,,,
2020-06-06,NL,256.0,,,,
2020-06-05,NL,256.0,,,,
2020-06-04,NL,256.0,,,,
2020-06-03,NL,256.0,,,,
2020-06-02,NL,256.0,,,,
2020-06-01,NL,255.0,,,,
2020-05-31,NL,255.0,,,,
2020-05-30,NL,255.0,,,,
2020-05-29,NL,255.0,,,,
2020-05-28,NL,255.0,,,,
2020-05-27,NL,255.0,,,,
2020-05-26,NL,255.0,,,,
2020-05-25,NL,254.0,,,,
2020-05-24,NL,254.0,,,,
2020-05-23,NL,254.0,,,,
2020-05-22,NL,253.0,,,,
2020-05-21,NL,253.0,,,,
2020-05-20,NL,253.0,,,,
2020-05-19,NL,250.0,,,,
2020-05-18,NL,249.0,,,,
2020-05-17,NL,249.0,,,,
2020-05-16,NL,249.0,,,,
2020-05-15,NL,248.0,,,,
2020-05-14,NL,248.0,,,,
2020-05-13,NL,247.0,,,,
2020-05-12,NL,247.0,,,,
2020-05-11,NL,244.0,,,,
2020-05-10,NL,244.0,,,,
2020-05-09,NL,244.0,,,,
2020-05-08,NL,244.0,,,,
2020-05-07,NL,244.0,,,,
2020-05-06,NL,244.0,,,,
2020-05-05,NL,241.0,,,,
2020-05-04,NL,233.0,,,,
2020-05-03,NL,232.0,,,,
2020-05-02,NL,231.0,,,,
2020-05-01,NL,230.0,,,,
2020-04-30,NL,225.0,,,,
2020-04-29,NL,225.0,,,,
2020-04-28,NL,222.0,,,,
2020-04-27,NL,221.0,,,,
2020-04-26,NL,219.0,,,,
2020-04-25,NL,208.0,,,,
2020-04-24,NL,207.0,,,,
2020-04-23,NL,205.0,,,,
2020-04-22,NL,199.0,,,,
2020-04-21,NL,194.0,,,,
2020-04-20,NL,191.0,,,,
2020-04-19,NL,191.0,,,,
2020-04-18,NL,189.0,,,,
2020-04-17,NL,176.0,,,,
2020-04-16,NL,170.0,,,,
2020-04-15,NL,159.0,,,,
2020-04-14,NL,149.0,,,,
2020-04-13,NL,133.0,,,,
2020-04-12,NL,129.0,,,,
2020-04-11,NL,120.0,,,,
2020-04-10,NL,103.0,,,,
2020-04-09,NL,96.0,,,,
2020-04-08,NL,74.0,,,,
2020-04-07,NL,49.0,,,,
2020-04-06,NL,32.0,,,,
2020-04-05,NL,28.0,,,,
2020-04-04,NL,18.0,,,,
2020-04-03,NL,11.0,,,,
2020-04-02,NL,10.0,,,,
2020-04-01,NL,10.0,,,,
2020-03-31,NL,7.0,,,,
2020-03-30,NL,7.0,,,,
2020-03-29,NL,4.0,,,,
2020-03-28,NL,4.0,,,,
2020-03-27,NL,1.0,,,,
2020-03-26,NL,0.0,,,,
2020-03-25,NL,0.0,,,,
2020-03-24,NL,0.0,,,,
2020-03-23,NL,0.0,,,,
2020-03-22,NL,0.0,,,,
2020-03-21,NL,0.0,,,,
2020-03-20,NL,0.0,,,,
2020-03-19,NL,0.0,,,,
2020-03-18,NL,0.0,,,,
2020-03-17,NL,0.0,,,,
2020-03-16,NL,0.0,,,,
2020-03-15,NL,0.0,,,,
2020-03-14,NL,0.0,,,,
2020-03-13,NL,,,,,
2020-03-12,NL,,,,,
2020-03-11,NL,,,,,
2020-03-10,NL,,,,,
2020-03-09,NL,,,,,
2020-03-08,NL,,,,,
2020-03-07,NL,,,,,
2020-03-06,NL,,,,,
2020-03-05,NL,,,,,
2020-03-04,NL,,,,,
2020-03-03,NL,,,,,
2020-03-02,NL,,,,,
2020-03-01,NL,,,,,
2020-02-29,NL,,,,,
2020-02-28,NL,,,,,
2020-02-27,NL,,,,,
2020-02-26,NL,,,,,
2020-02-25,NL,,,,,
2020-02-24,NL,,,,,
2020-02-23,NL,,,,,
2020-02-22,NL,,,,,
2020-02-21,NL,,,,,
2020-02-20,NL,,,,,
2020-02-19,NL,,,,,
2020-02-18,NL,,,,,
2020-02-17,NL,,,,,
2020-02-16,NL,,,,,
2020-02-15,NL,,,,,
2020-02-14,NL,,,,,
2020-02-13,NL,,,,,
2020-02-12,NL,,,,,
2020-06-18,Nova Scotia,997.0,,,,
2020-06-17,Nova Scotia,997.0,,,,
2020-06-16,Nova Scotia,997.0,,,,
2020-06-15,Nova Scotia,996.0,,,,
2020-06-14,Nova Scotia,996.0,,,,
2020-06-13,Nova Scotia,996.0,,,,
2020-06-12,Nova Scotia,995.0,,,,
2020-06-11,Nova Scotia,995.0,,,,
2020-06-10,Nova Scotia,994.0,,,,
2020-06-09,Nova Scotia,994.0,,,,
2020-06-08,Nova Scotia,994.0,,,,
2020-06-07,Nova Scotia,994.0,,,,
2020-06-06,Nova Scotia,994.0,,,,
2020-06-05,Nova Scotia,994.0,,,,
2020-06-04,Nova Scotia,994.0,,,,
2020-06-03,Nova Scotia,993.0,,,,
2020-06-02,Nova Scotia,992.0,,,,
2020-06-01,Nova Scotia,984.0,,,,
2020-05-31,Nova Scotia,981.0,,,,
2020-05-30,Nova Scotia,978.0,,,,
2020-05-29,Nova Scotia,978.0,,,,
2020-05-28,Nova Scotia,977.0,,,,
2020-05-27,Nova Scotia,975.0,,,,
2020-05-26,Nova Scotia,976.0,,,,
2020-05-25,Nova Scotia,974.0,,,,
2020-05-24,Nova Scotia,973.0,,,,
2020-05-23,Nova Scotia,969.0,,,,
2020-05-22,Nova Scotia,961.0,,,,
2020-05-21,Nova Scotia,959.0,,,,
2020-05-20,Nova Scotia,956.0,,,,
2020-05-19,Nova Scotia,956.0,,,,
2020-05-18,Nova Scotia,946.0,,,,
2020-05-17,Nova Scotia,938.0,,,,
2020-05-16,Nova Scotia,930.0,,,,
2020-05-15,Nova Scotia,918.0,,,,
2020-05-14,Nova Scotia,909.0,,,,
2020-05-13,Nova Scotia,870.0,,,,
2020-05-12,Nova Scotia,864.0,,,,
2020-05-11,Nova Scotia,767.0,,,,
2020-05-10,Nova Scotia,749.0,,,,
2020-05-09,Nova Scotia,743.0,,,,
2020-05-08,Nova Scotia,722.0,,,,
2020-05-07,Nova Scotia,708.0,,,,
2020-05-06,Nova Scotia,661.0,,,,
2020-05-05,Nova Scotia,652.0,,,,
2020-05-04,Nova Scotia,638.0,,,,
2020-05-03,Nova Scotia,624.0,,,,
2020-05-02,Nova Scotia,609.0,,,,
2020-05-01,Nova Scotia,592.0,,,,
2020-04-30,Nova Scotia,545.0,,,,
2020-04-29,Nova Scotia,529.0,,,,
2020-04-28,Nova Scotia,522.0,,,,
2020-04-27,Nova Scotia,509.0,,,,
2020-04-26,Nova Scotia,439.0,,,,
2020-04-25,Nova Scotia,412.0,,,,
2020-04-24,Nova Scotia,392.0,,,,
2020-04-23,Nova Scotia,358.0,,,,
2020-04-22,Nova Scotia,330.0,,,,
2020-04-21,Nova Scotia,286.0,,,,
2020-04-20,Nova Scotia,248.0,,,,
2020-04-19,Nova Scotia,200.0,,,,
2020-04-18,Nova Scotia,184.0,,,,
2020-04-17,Nova Scotia,177.0,,,,
2020-04-16,Nova Scotia,176.0,,,,
2020-04-15,Nova Scotia,137.0,,,,
2020-04-14,Nova Scotia,124.0,,,,
2020-04-13,Nova Scotia,101.0,,,,
2020-04-12,Nova Scotia,97.0,,,,
2020-04-11,Nova Scotia,95.0,,,,
2020-04-10,Nova Scotia,93.0,,,,
2020-04-09,Nova Scotia,82.0,,,,
2020-04-08,Nova Scotia,77.0,,,,
2020-04-07,Nova Scotia,66.0,,,,
2020-04-06,Nova Scotia,64.0,,,,
2020-04-05,Nova Scotia,53.0,,,,
2020-04-04,Nova Scotia,50.0,,,,
2020-04-03,Nova Scotia,21.0,,,,
2020-04-02,Nova Scotia,16.0,,,,
2020-04-01,Nova Scotia,11.0,,,,
2020-03-31,Nova Scotia,10.0,,,,
2020-03-30,Nova Scotia,10.0,,,,
2020-03-29,Nova Scotia,7.0,,,,
2020-03-28,Nova Scotia,4.0,,,,
2020-03-27,Nova Scotia,3.0,,,,
2020-03-26,Nova Scotia,2.0,,,,
2020-03-25,Nova Scotia,2.0,,,,
2020-03-24,Nova Scotia,1.0,,,,
2020-03-23,Nova Scotia,0.0,,,,
2020-03-22,Nova Scotia,0.0,,,,
2020-03-21,Nova Scotia,0.0,,,,
2020-03-20,Nova Scotia,0.0,,,,
2020-03-19,Nova Scotia,0.0,,,,
2020-03-18,Nova Scotia,0.0,,,,
2020-03-17,Nova Scotia,0.0,,,,
2020-03-16,Nova Scotia,0.0,,,,
2020-03-15,Nova Scotia,0.0,,,,
2020-03-14,Nova Scotia,,,,,
2020-03-13,Nova Scotia,,,,,
2020-03-12,Nova Scotia,,,,,
2020-03-11,Nova Scotia,,,,,
2020-03-10,Nova Scotia,,,,,
2020-03-09,Nova Scotia,,,,,
2020-03-08,Nova Scotia,,,,,
2020-03-07,Nova Scotia,,,,,
2020-03-06,Nova Scotia,,,,,
2020-03-05,Nova Scotia,,,,,
2020-03-04,Nova Scotia,,,,,
2020-03-03,Nova Scotia,,,,,
2020-03-02,Nova Scotia,,,,,
2020-03-01,Nova Scotia,,,,,
2020-02-29,Nova Scotia,,,,,
2020-02-28,Nova Scotia,,,,,
2020-02-27,Nova Scotia,,,,,
2020-02-26,Nova Scotia,,,,,
2020-02-25,Nova Scotia,,,,,
2020-02-24,Nova Scotia,,,,,
2020-02-23,Nova Scotia,,,,,
2020-02-22,Nova Scotia,,,,,
2020-02-21,Nova Scotia,,,,,
2020-02-20,Nova Scotia,,,,,
2020-02-19,Nova Scotia,,,,,
2020-02-18,Nova Scotia,,,,,
2020-02-17,Nova Scotia,,,,,
2020-02-16,Nova Scotia,,,,,
2020-02-15,Nova Scotia,,,,,
2020-02-14,Nova Scotia,,,,,
2020-02-13,Nova Scotia,,,,,
2020-02-12,Nova Scotia,,,,,
2020-06-18,Ontario,28004.0,,,,
2020-06-17,Ontario,27784.0,,,,
2020-06-16,Ontario,27431.0,,,,
2020-06-15,Ontario,27213.0,,,,
2020-06-14,Ontario,26961.0,,,,
2020-06-13,Ontario,26538.0,,,,
2020-06-12,Ontario,26187.0,,,,
2020-06-11,Ontario,25885.0,,,,
2020-06-10,Ontario,25380.0,,,,
2020-06-09,Ontario,24829.0,,,,
2020-06-08,Ontario,24492.0,,,,
2020-06-07,Ontario,24252.0,,,,
2020-06-06,Ontario,23947.0,,,,
2020-06-05,Ontario,23583.0,,,,
2020-06-04,Ontario,23208.0,,,,
2020-06-03,Ontario,22811.0,,,,
2020-06-02,Ontario,22484.0,,,,
2020-06-01,Ontario,22153.0,,,,
2020-05-31,Ontario,21810.0,,,,
2020-05-30,Ontario,21353.0,,,,
2020-05-29,Ontario,20983.0,,,,
2020-05-28,Ontario,20673.0,,,,
2020-05-27,Ontario,20372.0,,,,
2020-05-26,Ontario,19958.0,,,,
2020-05-25,Ontario,19698.0,,,,
2020-05-24,Ontario,19477.0,,,,
2020-05-23,Ontario,19146.0,,,,
2020-05-22,Ontario,18767.0,,,,
2020-05-21,Ontario,18509.0,,,,
2020-05-20,Ontario,18190.0,,,,
2020-05-19,Ontario,17898.0,,,,
2020-05-18,Ontario,17638.0,,,,
2020-05-17,Ontario,17360.0,,,,
2020-05-16,Ontario,17020.0,,,,
2020-05-15,Ontario,16641.0,,,,
2020-05-14,Ontario,16204.0,,,,
2020-05-13,Ontario,15845.0,,,,
2020-05-12,Ontario,15391.0,,,,
2020-05-11,Ontario,15131.0,,,,
2020-05-10,Ontario,14772.0,,,,
2020-05-09,Ontario,14383.0,,,,
2020-05-08,Ontario,13990.0,,,,
2020-05-07,Ontario,13569.0,,,,
2020-05-06,Ontario,13222.0,,,,
2020-05-05,Ontario,12779.0,,,,
2020-05-04,Ontario,12505.0,,,,
2020-05-03,Ontario,12005.0,,,,
2020-05-02,Ontario,11390.0,,,,
2020-05-01,Ontario,10825.0,,,,
2020-04-30,Ontario,10205.0,,,,
2020-04-29,Ontario,9612.0,,,,
2020-04-28,Ontario,8964.0,,,,
2020-04-27,Ontario,8525.0,,,,
2020-04-26,Ontario,8000.0,,,,
2020-04-25,Ontario,7509.0,,,,
2020-04-24,Ontario,7087.0,,,,
2020-04-23,Ontario,6680.0,,,,
2020-04-22,Ontario,6221.0,,,,
2020-04-21,Ontario,5806.0,,,,
2020-04-20,Ontario,5515.0,,,,
2020-04-19,Ontario,5209.0,,,,
2020-04-18,Ontario,4875.0,,,,
2020-04-17,Ontario,4556.0,,,,
2020-04-16,Ontario,4194.0,,,,
2020-04-15,Ontario,3902.0,,,,
2020-04-14,Ontario,3568.0,,,,
2020-04-13,Ontario,3357.0,,,,
2020-04-12,Ontario,3121.0,,,,
2020-04-11,Ontario,2858.0,,,,
2020-04-10,Ontario,2574.0,,,,
2020-04-09,Ontario,2305.0,,,,
2020-04-08,Ontario,2074.0,,,,
2020-04-07,Ontario,1802.0,,,,
2020-04-06,Ontario,1624.0,,,,
2020-04-05,Ontario,1449.0,,,,
2020-04-04,Ontario,1219.0,,,,
2020-04-03,Ontario,1023.0,,,,
2020-04-02,Ontario,831.0,,,,
2020-04-01,Ontario,689.0,,,,
2020-03-31,Ontario,534.0,,,,
2020-03-30,Ontario,431.0,,,,
2020-03-29,Ontario,8.0,,,,
2020-03-28,Ontario,8.0,,,,
2020-03-27,Ontario,8.0,,,,
2020-03-26,Ontario,8.0,,,,
2020-03-25,Ontario,8.0,,,,
2020-03-24,Ontario,8.0,,,,
2020-03-23,Ontario,8.0,,,,
2020-03-22,Ontario,8.0,,,,
2020-03-21,Ontario,6.0,,,,
2020-03-20,Ontario,5.0,,,,
2020-03-19,Ontario,5.0,,,,
2020-03-18,Ontario,5.0,,,,
2020-03-17,Ontario,5.0,,,,
2020-03-16,Ontario,5.0,,,,
2020-03-15,Ontario,5.0,,,,
2020-03-14,Ontario,5.0,,,,
2020-03-13,Ontario,5.0,,,,
2020-03-12,Ontario,5.0,,,,
2020-03-11,Ontario,5.0,,,,
2020-03-10,Ontario,5.0,,,,
2020-03-09,Ontario,5.0,,,,
2020-03-08,Ontario,4.0,,,,
2020-03-07,Ontario,4.0,,,,
2020-03-06,Ontario,4.0,,,,
2020-03-05,Ontario,4.0,,,,
2020-03-04,Ontario,3.0,,,,
2020-03-03,Ontario,3.0,,,,
2020-03-02,Ontario,3.0,,,,
2020-03-01,Ontario,3.0,,,,
2020-02-29,Ontario,3.0,,,,
2020-02-28,Ontario,3.0,,,,
2020-02-27,Ontario,3.0,,,,
2020-02-26,Ontario,3.0,,,,
2020-02-25,Ontario,3.0,,,,
2020-02-24,Ontario,3.0,,,,
2020-02-23,Ontario,3.0,,,,
2020-02-22,Ontario,3.0,,,,
2020-02-21,Ontario,3.0,,,,
2020-02-20,Ontario,2.0,,,,
2020-02-19,Ontario,1.0,,,,
2020-02-18,Ontario,1.0,,,,
2020-02-17,Ontario,1.0,,,,
2020-02-16,Ontario,1.0,,,,
2020-02-15,Ontario,1.0,,,,
2020-02-14,Ontario,1.0,,,,
2020-02-13,Ontario,1.0,,,,
2020-02-12,Ontario,1.0,,,,
2020-06-18,PEI,27.0,,,,
2020-06-17,PEI,27.0,,,,
2020-06-16,PEI,27.0,,,,
2020-06-15,PEI,27.0,,,,
2020-06-14,PEI,27.0,,,,
2020-06-13,PEI,27.0,,,,
2020-06-12,PEI,27.0,,,,
2020-06-11,PEI,27.0,,,,
2020-06-10,PEI,27.0,,,,
2020-06-09,PEI,27.0,,,,
2020-06-08,PEI,27.0,,,,
2020-06-07,PEI,27.0,,,,
2020-06-06,PEI,27.0,,,,
2020-06-05,PEI,27.0,,,,
2020-06-04,PEI,27.0,,,,
2020-06-03,PEI,27.0,,,,
2020-06-02,PEI,27.0,,,,
2020-06-01,PEI,27.0,,,,
2020-05-31,PEI,27.0,,,,
2020-05-30,PEI,27.0,,,,
2020-05-29,PEI,27.0,,,,
2020-05-28,PEI,27.0,,,,
2020-05-27,PEI,27.0,,,,
2020-05-26,PEI,27.0,,,,
2020-05-25,PEI,27.0,,,,
2020-05-24,PEI,27.0,,,,
2020-05-23,PEI,27.0,,,,
2020-05-22,PEI,27.0,,,,
2020-05-21,PEI,27.0,,,,
2020-05-20,PEI,27.0,,,,
2020-05-19,PEI,27.0,,,,
2020-05-18,PEI,27.0,,,,
2020-05-17,PEI,27.0,,,,
2020-05-16,PEI,27.0,,,,
2020-05-15,PEI,27.0,,,,
2020-05-14,PEI,27.0,,,,
2020-05-13,PEI,27.0,,,,
2020-05-12,PEI,27.0,,,,
2020-05-11,PEI,27.0,,,,
2020-05-10,PEI,27.0,,,,
2020-05-09,PEI,27.0,,,,
2020-05-08,PEI,27.0,,,,
2020-05-07,PEI,26.0,,,,
2020-05-06,PEI,26.0,,,,
2020-05-05,PEI,25.0,,,,
2020-05-04,PEI,25.0,,,,
2020-05-03,PEI,24.0,,,,
2020-05-02,PEI,24.0,,,,
2020-05-01,PEI,24.0,,,,
2020-04-30,PEI,24.0,,,,
2020-04-29,PEI,24.0,,,,
2020-04-28,PEI,24.0,,,,
2020-04-27,PEI,24.0,,,,
2020-04-26,PEI,24.0,,,,
2020-04-25,PEI,24.0,,,,
2020-04-24,PEI,24.0,,,,
2020-04-23,PEI,24.0,,,,
2020-04-22,PEI,24.0,,,,
2020-04-21,PEI,23.0,,,,
2020-04-20,PEI,23.0,,,,
2020-04-19,PEI,23.0,,,,
2020-04-18,PEI,23.0,,,,
2020-04-17,PEI,23.0,,,,
2020-04-16,PEI,23.0,,,,
2020-04-15,PEI,23.0,,,,
2020-04-14,PEI,23.0,,,,
2020-04-13,PEI,23.0,,,,
2020-04-12,PEI,17.0,,,,
2020-04-11,PEI,17.0,,,,
2020-04-10,PEI,17.0,,,,
2020-04-09,PEI,17.0,,,,
2020-04-08,PEI,17.0,,,,
2020-04-07,PEI,8.0,,,,
2020-04-06,PEI,8.0,,,,
2020-04-05,PEI,6.0,,,,
2020-04-04,PEI,6.0,,,,
2020-04-03,PEI,4.0,,,,
2020-04-02,PEI,3.0,,,,
2020-04-01,PEI,3.0,,,,
2020-03-31,PEI,1.0,,,,
2020-03-30,PEI,1.0,,,,
2020-03-29,PEI,1.0,,,,
2020-03-28,PEI,1.0,,,,
2020-03-27,PEI,1.0,,,,
2020-03-26,PEI,1.0,,,,
2020-03-25,PEI,0.0,,,,
2020-03-24,PEI,0.0,,,,
2020-03-23,PEI,0.0,,,,
2020-03-22,PEI,0.0,,,,
2020-03-21,PEI,0.0,,,,
2020-03-20,PEI,0.0,,,,
2020-03-19,PEI,0.0,,,,
2020-03-18,PEI,0.0,,,,
2020-03-17,PEI,0.0,,,,
2020-03-16,PEI,0.0,,,,
2020-03-15,PEI,0.0,,,,
2020-03-14,PEI,0.0,,,,
2020-03-13,PEI,,,,,
2020-03-12,PEI,,,,,
2020-03-11,PEI,,,,,
2020-03-10,PEI,,,,,
2020-03-09,PEI,,,,,
2020-03-08,PEI,,,,,
2020-03-07,PEI,,,,,
2020-03-06,PEI,,,,,
2020-03-05,PEI,,,,,
2020-03-04,PEI,,,,,
2020-03-03,PEI,,,,,
2020-03-02,PEI,,,,,
2020-03-01,PEI,,,,,
2020-02-29,PEI,,,,,
2020-02-28,PEI,,,,,
2020-02-27,PEI,,,,,
2020-02-26,PEI,,,,,
2020-02-25,PEI,,,,,
2020-02-24,PEI,,,,,
2020-02-23,PEI,,,,,
2020-02-22,PEI,,,,,
2020-02-21,PEI,,,,,
2020-02-20,PEI,,,,,
2020-02-19,PEI,,,,,
2020-02-18,PEI,,,,,
2020-02-17,PEI,,,,,
2020-02-16,PEI,,,,,
2020-02-15,PEI,,,,,
2020-02-14,PEI,,,,,
2020-02-13,PEI,,,,,
2020-02-12,PEI,,,,,
2020-06-18,Quebec,22754.0,,,,
2020-06-17,Quebec,22549.0,,,,
2020-06-16,Quebec,22350.0,,,,
2020-06-15,Quebec,22213.0,,,,
2020-06-14,Quebec,21742.0,,,,
2020-06-13,Quebec,21281.0,,,,
2020-06-12,Quebec,20823.0,,,,
2020-06-11,Quebec,20299.0,,,,
2020-06-10,Quebec,19841.0,,,,
2020-06-09,Quebec,19361.0,,,,
2020-06-08,Quebec,18994.0,,,,
2020-06-07,Quebec,18714.0,,,,
2020-06-06,Quebec,18412.0,,,,
2020-06-05,Quebec,17764.0,,,,
2020-06-04,Quebec,17336.0,,,,
2020-06-03,Quebec,17098.0,,,,
2020-06-02,Quebec,16803.0,,,,
2020-06-01,Quebec,16597.0,,,,
2020-05-31,Quebec,16346.0,,,,
2020-05-30,Quebec,16070.0,,,,
2020-05-29,Quebec,15908.0,,,,
2020-05-28,Quebec,15618.0,,,,
2020-05-27,Quebec,15319.0,,,,
2020-05-26,Quebec,14999.0,,,,
2020-05-25,Quebec,14654.0,,,,
2020-05-24,Quebec,14331.0,,,,
2020-05-23,Quebec,14044.0,,,,
2020-05-22,Quebec,13819.0,,,,
2020-05-21,Quebec,13327.0,,,,
2020-05-20,Quebec,12822.0,,,,
2020-05-19,Quebec,12497.0,,,,
2020-05-18,Quebec,12045.0,,,,
2020-05-17,Quebec,11754.0,,,,
2020-05-16,Quebec,11458.0,,,,
2020-05-15,Quebec,11039.0,,,,
2020-05-14,Quebec,10829.0,,,,
2020-05-13,Quebec,10470.0,,,,
2020-05-12,Quebec,10056.0,,,,
2020-05-11,Quebec,9703.0,,,,
2020-05-10,Quebec,9526.0,,,,
2020-05-09,Quebec,9268.0,,,,
2020-05-08,Quebec,8928.0,,,,
2020-05-07,Quebec,8673.0,,,,
2020-05-06,Quebec,8284.0,,,,
2020-05-05,Quebec,7923.0,,,,
2020-05-04,Quebec,7578.0,,,,
2020-05-03,Quebec,7258.0,,,,
2020-05-02,Quebec,6965.0,,,,
2020-05-01,Quebec,6700.0,,,,
2020-04-30,Quebec,6299.0,,,,
2020-04-29,Quebec,6048.0,,,,
2020-04-28,Quebec,5841.0,,,,
2020-04-27,Quebec,5517.0,,,,
2020-04-26,Quebec,5342.0,,,,
2020-04-25,Quebec,5057.0,,,,
2020-04-24,Quebec,4724.0,,,,
2020-04-23,Quebec,4484.0,,,,
2020-04-22,Quebec,4291.0,,,,
2020-04-21,Quebec,4048.0,,,,
2020-04-20,Quebec,3847.0,,,,
2020-04-19,Quebec,3555.0,,,,
2020-04-18,Quebec,3315.0,,,,
2020-04-17,Quebec,3068.0,,,,
2020-04-16,Quebec,2841.0,,,,
2020-04-15,Quebec,2491.0,,,,
2020-04-14,Quebec,2146.0,,,,
2020-04-13,Quebec,1982.0,,,,
2020-04-12,Quebec,1745.0,,,,
2020-04-11,Quebec,1563.0,,,,
2020-04-10,Quebec,1341.0,,,,
2020-04-09,Quebec,1112.0,,,,
2020-04-08,Quebec,827.0,,,,
2020-04-07,Quebec,720.0,,,,
2020-04-06,Quebec,611.0,,,,
2020-04-05,Quebec,464.0,,,,
2020-04-04,Quebec,437.0,,,,
2020-04-03,Quebec,306.0,,,,
2020-04-02,Quebec,224.0,,,,
2020-04-01,Quebec,155.0,,,,
2020-03-31,Quebec,84.0,,,,
2020-03-30,Quebec,84.0,,,,
2020-03-29,Quebec,84.0,,,,
2020-03-28,Quebec,29.0,,,,
2020-03-27,Quebec,29.0,,,,
2020-03-26,Quebec,1.0,,,,
2020-03-25,Quebec,1.0,,,,
2020-03-24,Quebec,1.0,,,,
2020-03-23,Quebec,1.0,,,,
2020-03-22,Quebec,1.0,,,,
2020-03-21,Quebec,1.0,,,,
2020-03-20,Quebec,1.0,,,,
2020-03-19,Quebec,1.0,,,,
2020-03-18,Quebec,1.0,,,,
2020-03-17,Quebec,0.0,,,,
2020-03-16,Quebec,0.0,,,,
2020-03-15,Quebec,0.0,,,,
2020-03-14,Quebec,0.0,,,,
2020-03-13,Quebec,0.0,,,,
2020-03-12,Quebec,0.0,,,,
2020-03-11,Quebec,0.0,,,,
2020-03-10,Quebec,0.0,,,,
2020-03-09,Quebec,0.0,,,,
2020-03-08,Quebec,0.0,,,,
2020-03-07,Quebec,0.0,,,,
2020-03-06,Quebec,0.0,,,,
2020-03-05,Quebec,0.0,,,,
2020-03-04,Quebec,0.0,,,,
2020-03-03,Quebec,0.0,,,,
2020-03-02,Quebec,0.0,,,,
2020-03-01,Quebec,0.0,,,,
2020-02-29,Quebec,0.0,,,,
2020-02-28,Quebec,0.0,,,,
2020-02-27,Quebec,0.0,,,,
2020-02-26,Quebec,,,,,
2020-02-25,Quebec,,,,,
2020-02-24,Quebec,,,,,
2020-02-23,Quebec,,,,,
2020-02-22,Quebec,,,,,
2020-02-21,Quebec,,,,,
2020-02-20,Quebec,,,,,
2020-02-19,Quebec,,,,,
2020-02-18,Quebec,,,,,
2020-02-17,Quebec,,,,,
2020-02-16,Quebec,,,,,
2020-02-15,Quebec,,,,,
2020-02-14,Quebec,,,,,
2020-02-13,Quebec,,,,,
2020-02-12,Quebec,,,,,
2020-06-18,Saskatchewan,636.0,,,,
2020-06-17,Saskatchewan,633.0,,,,
2020-06-16,Saskatchewan,631.0,,,,
2020-06-15,Saskatchewan,629.0,,,,
2020-06-14,Saskatchewan,628.0,,,,
2020-06-13,Saskatchewan,628.0,,,,
2020-06-12,Saskatchewan,627.0,,,,
2020-06-11,Saskatchewan,626.0,,,,
2020-06-10,Saskatchewan,624.0,,,,
2020-06-09,Saskatchewan,624.0,,,,
2020-06-08,Saskatchewan,624.0,,,,
2020-06-07,Saskatchewan,623.0,,,,
2020-06-06,Saskatchewan,611.0,,,,
2020-06-05,Saskatchewan,611.0,,,,
2020-06-04,Saskatchewan,608.0,,,,
2020-06-03,Saskatchewan,602.0,,,,
2020-06-02,Saskatchewan,602.0,,,,
2020-06-01,Saskatchewan,588.0,,,,
2020-05-31,Saskatchewan,582.0,,,,
2020-05-30,Saskatchewan,580.0,,,,
2020-05-29,Saskatchewan,570.0,,,,
2020-05-28,Saskatchewan,568.0,,,,
2020-05-27,Saskatchewan,559.0,,,,
2020-05-26,Saskatchewan,549.0,,,,
2020-05-25,Saskatchewan,546.0,,,,
2020-05-24,Saskatchewan,538.0,,,,
2020-05-23,Saskatchewan,535.0,,,,
2020-05-22,Saskatchewan,521.0,,,,
2020-05-21,Saskatchewan,509.0,,,,
2020-05-20,Saskatchewan,494.0,,,,
2020-05-19,Saskatchewan,470.0,,,,
2020-05-18,Saskatchewan,455.0,,,,
2020-05-17,Saskatchewan,444.0,,,,
2020-05-16,Saskatchewan,433.0,,,,
2020-05-15,Saskatchewan,408.0,,,,
2020-05-14,Saskatchewan,398.0,,,,
2020-05-13,Saskatchewan,385.0,,,,
2020-05-12,Saskatchewan,374.0,,,,
2020-05-11,Saskatchewan,363.0,,,,
2020-05-10,Saskatchewan,349.0,,,,
2020-05-09,Saskatchewan,340.0,,,,
2020-05-08,Saskatchewan,335.0,,,,
2020-05-07,Saskatchewan,329.0,,,,
2020-05-06,Saskatchewan,312.0,,,,
2020-05-05,Saskatchewan,310.0,,,,
2020-05-04,Saskatchewan,307.0,,,,
2020-05-03,Saskatchewan,305.0,,,,
2020-05-02,Saskatchewan,302.0,,,,
2020-05-01,Saskatchewan,297.0,,,,
2020-04-30,Saskatchewan,295.0,,,,
2020-04-29,Saskatchewan,291.0,,,,
2020-04-28,Saskatchewan,291.0,,,,
2020-04-27,Saskatchewan,288.0,,,,
2020-04-26,Saskatchewan,288.0,,,,
2020-04-25,Saskatchewan,288.0,,,,
2020-04-24,Saskatchewan,280.0,,,,
2020-04-23,Saskatchewan,270.0,,,,
2020-04-22,Saskatchewan,261.0,,,,
2020-04-21,Saskatchewan,252.0,,,,
2020-04-20,Saskatchewan,238.0,,,,
2020-04-19,Saskatchewan,234.0,,,,
2020-04-18,Saskatchewan,234.0,,,,
2020-04-17,Saskatchewan,228.0,,,,
2020-04-16,Saskatchewan,219.0,,,,
2020-04-15,Saskatchewan,205.0,,,,
2020-04-14,Saskatchewan,187.0,,,,
2020-04-13,Saskatchewan,178.0,,,,
2020-04-12,Saskatchewan,164.0,,,,
2020-04-11,Saskatchewan,147.0,,,,
2020-04-10,Saskatchewan,136.0,,,,
2020-04-09,Saskatchewan,115.0,,,,
2020-04-08,Saskatchewan,103.0,,,,
2020-04-07,Saskatchewan,88.0,,,,
2020-04-06,Saskatchewan,81.0,,,,
2020-04-05,Saskatchewan,67.0,,,,
2020-04-04,Saskatchewan,55.0,,,,
2020-04-03,Saskatchewan,48.0,,,,
2020-04-02,Saskatchewan,36.0,,,,
2020-04-01,Saskatchewan,30.0,,,,
2020-03-31,Saskatchewan,21.0,,,,
2020-03-30,Saskatchewan,14.0,,,,
2020-03-29,Saskatchewan,8.0,,,,
2020-03-28,Saskatchewan,4.0,,,,
2020-03-27,Saskatchewan,3.0,,,,
2020-03-26,Saskatchewan,3.0,,,,
2020-03-25,Saskatchewan,0.0,,,,
2020-03-24,Saskatchewan,0.0,,,,
2020-03-23,Saskatchewan,0.0,,,,
2020-03-22,Saskatchewan,0.0,,,,
2020-03-21,Saskatchewan,0.0,,,,
2020-03-20,Saskatchewan,0.0,,,,
2020-03-19,Saskatchewan,0.0,,,,
2020-03-18,Saskatchewan,0.0,,,,
2020-03-17,Saskatchewan,0.0,,,,
2020-03-16,Saskatchewan,0.0,,,,
2020-03-15,Saskatchewan,0.0,,,,
2020-03-14,Saskatchewan,0.0,,,,
2020-03-13,Saskatchewan,0.0,,,,
2020-03-12,Saskatchewan,0.0,,,,
2020-03-11,Saskatchewan,,,,,
2020-03-10,Saskatchewan,,,,,
2020-03-09,Saskatchewan,,,,,
2020-03-08,Saskatchewan,,,,,
2020-03-07,Saskatchewan,,,,,
2020-03-06,Saskatchewan,,,,,
2020-03-05,Saskatchewan,,,,,
2020-03-04,Saskatchewan,,,,,
2020-03-03,Saskatchewan,,,,,
2020-03-02,Saskatchewan,,,,,
2020-03-01,Saskatchewan,,,,,
2020-02-29,Saskatchewan,,,,,
2020-02-28,Saskatchewan,,,,,
2020-02-27,Saskatchewan,,,,,
2020-02-26,Saskatchewan,,,,,
2020-02-25,Saskatchewan,,,,,
2020-02-24,Saskatchewan,,,,,
2020-02-23,Saskatchewan,,,,,
2020-02-22,Saskatchewan,,,,,
2020-02-21,Saskatchewan,,,,,
2020-02-20,Saskatchewan,,,,,
2020-02-19,Saskatchewan,,,,,
2020-02-18,Saskatchewan,,,,,
2020-02-17,Saskatchewan,,,,,
2020-02-16,Saskatchewan,,,,,
2020-02-15,Saskatchewan,,,,,
2020-02-14,Saskatchewan,,,,,
2020-02-13,Saskatchewan,,,,,
2020-02-12,Saskatchewan,,,,,
2020-06-18,NWT,5.0,,,,
2020-06-17,NWT,5.0,,,,
2020-06-16,NWT,5.0,,,,
2020-06-15,NWT,5.0,,,,
2020-06-14,NWT,5.0,,,,
2020-06-13,NWT,5.0,,,,
2020-06-12,NWT,5.0,,,,
2020-06-11,NWT,5.0,,,,
2020-06-10,NWT,5.0,,,,
2020-06-09,NWT,5.0,,,,
2020-06-08,NWT,5.0,,,,
2020-06-07,NWT,5.0,,,,
2020-06-06,NWT,5.0,,,,
2020-06-05,NWT,5.0,,,,
2020-06-04,NWT,5.0,,,,
2020-06-03,NWT,5.0,,,,
2020-06-02,NWT,5.0,,,,
2020-06-01,NWT,5.0,,,,
2020-05-31,NWT,5.0,,,,
2020-05-30,NWT,5.0,,,,
2020-05-29,NWT,5.0,,,,
2020-05-28,NWT,5.0,,,,
2020-05-27,NWT,5.0,,,,
2020-05-26,NWT,5.0,,,,
2020-05-25,NWT,5.0,,,,
2020-05-24,NWT,5.0,,,,
2020-05-23,NWT,5.0,,,,
2020-05-22,NWT,5.0,,,,
2020-05-21,NWT,5.0,,,,
2020-05-20,NWT,5.0,,,,
2020-05-19,NWT,5.0,,,,
2020-05-18,NWT,5.0,,,,
2020-05-17,NWT,5.0,,,,
2020-05-16,NWT,5.0,,,,
2020-05-15,NWT,5.0,,,,
2020-05-14,NWT,5.0,,,,
2020-05-13,NWT,5.0,,,,
2020-05-12,NWT,5.0,,,,
2020-05-11,NWT,5.0,,,,
2020-05-10,NWT,5.0,,,,
2020-05-09,NWT,5.0,,,,
2020-05-08,NWT,5.0,,,,
2020-05-07,NWT,5.0,,,,
2020-05-06,NWT,5.0,,,,
2020-05-05,NWT,5.0,,,,
2020-05-04,NWT,5.0,,,,
2020-05-03,NWT,5.0,,,,
2020-05-02,NWT,5.0,,,,
2020-05-01,NWT,5.0,,,,
2020-04-30,NWT,5.0,,,,
2020-04-29,NWT,5.0,,,,
2020-04-28,NWT,5.0,,,,
2020-04-27,NWT,5.0,,,,
2020-04-26,NWT,5.0,,,,
2020-04-25,NWT,5.0,,,,
2020-04-24,NWT,5.0,,,,
2020-04-23,NWT,5.0,,,,
2020-04-22,NWT,5.0,,,,
2020-04-21,NWT,5.0,,,,
2020-04-20,NWT,5.0,,,,
2020-04-19,NWT,3.0,,,,
2020-04-18,NWT,3.0,,,,
2020-04-17,NWT,3.0,,,,
2020-04-16,NWT,2.0,,,,
2020-04-15,NWT,2.0,,,,
2020-04-14,NWT,2.0,,,,
2020-04-13,NWT,2.0,,,,
2020-04-12,NWT,1.0,,,,
2020-04-11,NWT,1.0,,,,
2020-04-10,NWT,1.0,,,,
2020-04-09,NWT,1.0,,,,
2020-04-08,NWT,1.0,,,,
2020-04-07,NWT,1.0,,,,
2020-04-06,NWT,1.0,,,,
2020-04-05,NWT,1.0,,,,
2020-04-04,NWT,1.0,,,,
2020-04-03,NWT,1.0,,,,
2020-04-02,NWT,0.0,,,,
2020-04-01,NWT,0.0,,,,
2020-03-31,NWT,0.0,,,,
2020-03-30,NWT,0.0,,,,
2020-03-29,NWT,0.0,,,,
2020-03-28,NWT,0.0,,,,
2020-03-27,NWT,0.0,,,,
2020-03-26,NWT,0.0,,,,
2020-03-25,NWT,0.0,,,,
2020-03-24,NWT,0.0,,,,
2020-03-23,NWT,0.0,,,,
2020-03-22,NWT,0.0,,,,
2020-03-21,NWT,0.0,,,,
2020-03-20,NWT,,,,,
2020-03-19,NWT,,,,,
2020-03-18,NWT,,,,,
2020-03-17,NWT,,,,,
2020-03-16,NWT,,,,,
2020-03-15,NWT,,,,,
2020-03-14,NWT,,,,,
2020-03-13,NWT,,,,,
2020-03-12,NWT,,,,,
2020-03-11,NWT,,,,,
2020-03-10,NWT,,,,,
2020-03-09,NWT,,,,,
2020-03-08,NWT,,,,,
2020-03-07,NWT,,,,,
2020-03-06,NWT,,,,,
2020-03-05,NWT,,,,,
2020-03-04,NWT,,,,,
2020-03-03,NWT,,,,,
2020-03-02,NWT,,,,,
2020-03-01,NWT,,,,,
2020-02-29,NWT,,,,,
2020-02-28,NWT,,,,,
2020-02-27,NWT,,,,,
2020-02-26,NWT,,,,,
2020-02-25,NWT,,,,,
2020-02-24,NWT,,,,,
2020-02-23,NWT,,,,,
2020-02-22,NWT,,,,,
2020-02-21,NWT,,,,,
2020-02-20,NWT,,,,,
2020-02-19,NWT,,,,,
2020-02-18,NWT,,,,,
2020-02-17,NWT,,,,,
2020-02-16,NWT,,,,,
2020-02-15,NWT,,,,,
2020-02-14,NWT,,,,,
2020-02-13,NWT,,,,,
2020-02-12,NWT,,,,,
2020-06-18,Nunavut,,,,,
2020-06-17,Nunavut,,,,,
2020-06-16,Nunavut,,,,,
2020-06-15,Nunavut,,,,,
2020-06-14,Nunavut,,,,,
2020-06-13,Nunavut,,,,,
2020-06-12,Nunavut,,,,,
2020-06-11,Nunavut,,,,,
2020-06-10,Nunavut,,,,,
2020-06-09,Nunavut,,,,,
2020-06-08,Nunavut,,,,,
2020-06-07,Nunavut,,,,,
2020-06-06,Nunavut,,,,,
2020-06-05,Nunavut,,,,,
2020-06-04,Nunavut,,,,,
2020-06-03,Nunavut,,,,,
2020-06-02,Nunavut,,,,,
2020-06-01,Nunavut,,,,,
2020-05-31,Nunavut,,,,,
2020-05-30,Nunavut,,,,,
2020-05-29,Nunavut,,,,,
2020-05-28,Nunavut,,,,,
2020-05-27,Nunavut,,,,,
2020-05-26,Nunavut,,,,,
2020-05-25,Nunavut,,,,,
2020-05-24,Nunavut,,,,,
2020-05-23,Nunavut,,,,,
2020-05-22,Nunavut,,,,,
2020-05-21,Nunavut,,,,,
2020-05-20,Nunavut,,,,,
2020-05-19,Nunavut,,,,,
2020-05-18,Nunavut,,,,,
2020-05-17,Nunavut,,,,,
2020-05-16,Nunavut,,,,,
2020-05-15,Nunavut,,,,,
2020-05-14,Nunavut,,,,,
2020-05-13,Nunavut,,,,,
2020-05-12,Nunavut,,,,,
2020-05-11,Nunavut,,,,,
2020-05-10,Nunavut,,,,,
2020-05-09,Nunavut,,,,,
2020-05-08,Nunavut,,,,,
2020-05-07,Nunavut,,,,,
2020-05-06,Nunavut,,,,,
2020-05-05,Nunavut,,,,,
2020-05-04,Nunavut,,,,,
2020-05-03,Nunavut,,,,,
2020-05-02,Nunavut,,,,,
2020-05-01,Nunavut,,,,,
2020-04-30,Nunavut,,,,,
2020-04-29,Nunavut,,,,,
2020-04-28,Nunavut,,,,,
2020-04-27,Nunavut,,,,,
2020-04-26,Nunavut,,,,,
2020-04-25,Nunavut,,,,,
2020-04-24,Nunavut,,,,,
2020-04-23,Nunavut,,,,,
2020-04-22,Nunavut,,,,,
2020-04-21,Nunavut,,,,,
2020-04-20,Nunavut,,,,,
2020-04-19,Nunavut,,,,,
2020-04-18,Nunavut,,,,,
2020-04-17,Nunavut,,,,,
2020-04-16,Nunavut,,,,,
2020-04-15,Nunavut,,,,,
2020-04-14,Nunavut,,,,,
2020-04-13,Nunavut,,,,,
2020-04-12,Nunavut,,,,,
2020-04-11,Nunavut,,,,,
2020-04-10,Nunavut,,,,,
2020-04-09,Nunavut,,,,,
2020-04-08,Nunavut,,,,,
2020-04-07,Nunavut,,,,,
2020-04-06,Nunavut,,,,,
2020-04-05,Nunavut,,,,,
2020-04-04,Nunavut,,,,,
2020-04-03,Nunavut,,,,,
2020-04-02,Nunavut,,,,,
2020-04-01,Nunavut,,,,,
2020-03-31,Nunavut,,,,,
2020-03-30,Nunavut,,,,,
2020-03-29,Nunavut,,,,,
2020-03-28,Nunavut,,,,,
2020-03-27,Nunavut,,,,,
2020-03-26,Nunavut,,,,,
2020-03-25,Nunavut,,,,,
2020-03-24,Nunavut,,,,,
2020-03-23,Nunavut,,,,,
2020-03-22,Nunavut,,,,,
2020-03-21,Nunavut,,,,,
2020-03-20,Nunavut,,,,,
2020-03-19,Nunavut,,,,,
2020-03-18,Nunavut,,,,,
2020-03-17,Nunavut,,,,,
2020-03-16,Nunavut,,,,,
2020-03-15,Nunavut,,,,,
2020-03-14,Nunavut,,,,,
2020-03-13,Nunavut,,,,,
2020-03-12,Nunavut,,,,,
2020-03-11,Nunavut,,,,,
2020-03-10,Nunavut,,,,,
2020-03-09,Nunavut,,,,,
2020-03-08,Nunavut,,,,,
2020-03-07,Nunavut,,,,,
2020-03-06,Nunavut,,,,,
2020-03-05,Nunavut,,,,,
2020-03-04,Nunavut,,,,,
2020-03-03,Nunavut,,,,,
2020-03-02,Nunavut,,,,,
2020-03-01,Nunavut,,,,,
2020-02-29,Nunavut,,,,,
2020-02-28,Nunavut,,,,,
2020-02-27,Nunavut,,,,,
2020-02-26,Nunavut,,,,,
2020-02-25,Nunavut,,,,,
2020-02-24,Nunavut,,,,,
2020-02-23,Nunavut,,,,,
2020-02-22,Nunavut,,,,,
2020-02-21,Nunavut,,,,,
2020-02-20,Nunavut,,,,,
2020-02-19,Nunavut,,,,,
2020-02-18,Nunavut,,,,,
2020-02-17,Nunavut,,,,,
2020-02-16,Nunavut,,,,,
2020-02-15,Nunavut,,,,,
2020-02-14,Nunavut,,,,,
2020-02-13,Nunavut,,,,,
2020-02-12,Nunavut,,,,,
2020-06-18,Yukon,11.0,,,,
2020-06-17,Yukon,11.0,,,,
2020-06-16,Yukon,11.0,,,,
2020-06-15,Yukon,11.0,,,,
2020-06-14,Yukon,11.0,,,,
2020-06-13,Yukon,11.0,,,,
2020-06-12,Yukon,11.0,,,,
2020-06-11,Yukon,11.0,,,,
2020-06-10,Yukon,11.0,,,,
2020-06-09,Yukon,11.0,,,,
2020-06-08,Yukon,11.0,,,,
2020-06-07,Yukon,11.0,,,,
2020-06-06,Yukon,11.0,,,,
2020-06-05,Yukon,11.0,,,,
2020-06-04,Yukon,11.0,,,,
2020-06-03,Yukon,11.0,,,,
2020-06-02,Yukon,11.0,,,,
2020-06-01,Yukon,11.0,,,,
2020-05-31,Yukon,11.0,,,,
2020-05-30,Yukon,11.0,,,,
2020-05-29,Yukon,11.0,,,,
2020-05-28,Yukon,11.0,,,,
2020-05-27,Yukon,11.0,,,,
2020-05-26,Yukon,11.0,,,,
2020-05-25,Yukon,11.0,,,,
2020-05-24,Yukon,11.0,,,,
2020-05-23,Yukon,11.0,,,,
2020-05-22,Yukon,11.0,,,,
2020-05-21,Yukon,11.0,,,,
2020-05-20,Yukon,11.0,,,,
2020-05-19,Yukon,11.0,,,,
2020-05-18,Yukon,11.0,,,,
2020-05-17,Yukon,11.0,,,,
2020-05-16,Yukon,11.0,,,,
2020-05-15,Yukon,11.0,,,,
2020-05-14,Yukon,11.0,,,,
2020-05-13,Yukon,11.0,,,,
2020-05-12,Yukon,11.0,,,,
2020-05-11,Yukon,11.0,,,,
2020-05-10,Yukon,11.0,,,,
2020-05-09,Yukon,11.0,,,,
2020-05-08,Yukon,11.0,,,,
2020-05-07,Yukon,11.0,,,,
2020-05-06,Yukon,11.0,,,,
2020-05-05,Yukon,11.0,,,,
2020-05-04,Yukon,11.0,,,,
2020-05-03,Yukon,11.0,,,,
2020-05-02,Yukon,11.0,,,,
2020-05-01,Yukon,11.0,,,,
2020-04-30,Yukon,9.0,,,,
2020-04-29,Yukon,8.0,,,,
2020-04-28,Yukon,8.0,,,,
2020-04-27,Yukon,8.0,,,,
2020-04-26,Yukon,8.0,,,,
2020-04-25,Yukon,8.0,,,,
2020-04-24,Yukon,8.0,,,,
2020-04-23,Yukon,8.0,,,,
2020-04-22,Yukon,8.0,,,,
2020-04-21,Yukon,8.0,,,,
2020-04-20,Yukon,8.0,,,,
2020-04-19,Yukon,8.0,,,,
2020-04-18,Yukon,8.0,,,,
2020-04-17,Yukon,7.0,,,,
2020-04-16,Yukon,6.0,,,,
2020-04-15,Yukon,6.0,,,,
2020-04-14,Yukon,6.0,,,,
2020-04-13,Yukon,6.0,,,,
2020-04-12,Yukon,4.0,,,,
2020-04-11,Yukon,4.0,,,,
2020-04-10,Yukon,4.0,,,,
2020-04-09,Yukon,4.0,,,,
2020-04-08,Yukon,4.0,,,,
2020-04-07,Yukon,4.0,,,,
2020-04-06,Yukon,4.0,,,,
2020-04-05,Yukon,4.0,,,,
2020-04-04,Yukon,4.0,,,,
2020-04-03,Yukon,4.0,,,,
2020-04-02,Yukon,3.0,,,,
2020-04-01,Yukon,3.0,,,,
2020-03-31,Yukon,0.0,,,,
2020-03-30,Yukon,0.0,,,,
2020-03-29,Yukon,0.0,,,,
2020-03-28,Yukon,0.0,,,,
2020-03-27,Yukon,0.0,,,,
2020-03-26,Yukon,0.0,,,,
2020-03-25,Yukon,0.0,,,,
2020-03-24,Yukon,0.0,,,,
2020-03-23,Yukon,0.0,,,,
2020-03-22,Yukon,,,,,
2020-03-21,Yukon,,,,,
2020-03-20,Yukon,,,,,
2020-03-19,Yukon,,,,,
2020-03-18,Yukon,,,,,
2020-03-17,Yukon,,,,,
2020-03-16,Yukon,,,,,
2020-03-15,Yukon,,,,,
2020-03-14,Yukon,,,,,
2020-03-13,Yukon,,,,,
2020-03-12,Yukon,,,,,
2020-03-11,Yukon,,,,,
2020-03-10,Yukon,,,,,
2020-03-09,Yukon,,,,,
2020-03-08,Yukon,,,,,
2020-03-07,Yukon,,,,,
2020-03-06,Yukon,,,,,
2020-03-05,Yukon,,,,,
2020-03-04,Yukon,,,,,
2020-03-03,Yukon,,,,,
2020-03-02,Yukon,,,,,
2020-03-01,Yukon,,,,,
2020-02-29,Yukon,,,,,
2020-02-28,Yukon,,,,,
2020-02-27,Yukon,,,,,
2020-02-26,Yukon,,,,,
2020-02-25,Yukon,,,,,
2020-02-24,Yukon,,,,,
2020-02-23,Yukon,,,,,
2020-02-22,Yukon,,,,,
2020-02-21,Yukon,,,,,
2020-02-20,Yukon,,,,,
2020-02-19,Yukon,,,,,
2020-02-18,Yukon,,,,,
2020-02-17,Yukon,,,,,
2020-02-16,Yukon,,,,,
2020-02-15,Yukon,,,,,
2020-02-14,Yukon,,,,,
2020-02-13,Yukon,,,,,
2020-02-12,Yukon,,,,,
2020-06-18,Repatriated,13.0,,,,
2020-06-17,Repatriated,13.0,,,,
2020-06-16,Repatriated,13.0,,,,
2020-06-15,Repatriated,13.0,,,,
2020-06-14,Repatriated,13.0,,,,
2020-06-13,Repatriated,13.0,,,,
2020-06-12,Repatriated,13.0,,,,
2020-06-11,Repatriated,13.0,,,,
2020-06-10,Repatriated,13.0,,,,
2020-06-09,Repatriated,13.0,,,,
2020-06-08,Repatriated,13.0,,,,
2020-06-07,Repatriated,13.0,,,,
2020-06-06,Repatriated,13.0,,,,
2020-06-05,Repatriated,13.0,,,,
2020-06-04,Repatriated,13.0,,,,
2020-06-03,Repatriated,13.0,,,,
2020-06-02,Repatriated,13.0,,,,
2020-06-01,Repatriated,13.0,,,,
2020-05-31,Repatriated,13.0,,,,
2020-05-30,Repatriated,13.0,,,,
2020-05-29,Repatriated,13.0,,,,
2020-05-28,Repatriated,13.0,,,,
2020-05-27,Repatriated,13.0,,,,
2020-05-26,Repatriated,13.0,,,,
2020-05-25,Repatriated,13.0,,,,
2020-05-24,Repatriated,13.0,,,,
2020-05-23,Repatriated,13.0,,,,
2020-05-22,Repatriated,13.0,,,,
2020-05-21,Repatriated,13.0,,,,
2020-05-20,Repatriated,13.0,,,,
2020-05-19,Repatriated,13.0,,,,
2020-05-18,Repatriated,13.0,,,,
2020-05-17,Repatriated,13.0,,,,
2020-05-16,Repatriated,13.0,,,,
2020-05-15,Repatriated,13.0,,,,
2020-05-14,Repatriated,13.0,,,,
2020-05-13,Repatriated,13.0,,,,
2020-05-12,Repatriated,13.0,,,,
2020-05-11,Repatriated,13.0,,,,
2020-05-10,Repatriated,13.0,,,,
2020-05-09,Repatriated,13.0,,,,
2020-05-08,Repatriated,13.0,,,,
2020-05-07,Repatriated,13.0,,,,
2020-05-06,Repatriated,13.0,,,,
2020-05-05,Repatriated,13.0,,,,
2020-05-04,Repatriated,13.0,,,,
2020-05-03,Repatriated,13.0,,,,
2020-05-02,Repatriated,13.0,,,,
2020-05-01,Repatriated,13.0,,,,
2020-04-30,Repatriated,13.0,,,,
2020-04-29,Repatriated,13.0,,,,
2020-04-28,Repatriated,13.0,,,,
2020-04-27,Repatriated,13.0,,,,
2020-04-26,Repatriated,13.0,,,,
2020-04-25,Repatriated,13.0,,,,
2020-04-24,Repatriated,13.0,,,,
2020-04-23,Repatriated,13.0,,,,
2020-04-22,Repatriated,13.0,,,,
2020-04-21,Repatriated,13.0,,,,
2020-04-20,Repatriated,13.0,,,,
2020-04-19,Repatriated,13.0,,,,
2020-04-18,Repatriated,13.0,,,,
2020-04-17,Repatriated,13.0,,,,
2020-04-16,Repatriated,13.0,,,,
2020-04-15,Repatriated,13.0,,,,
2020-04-14,Repatriated,13.0,,,,
2020-04-13,Repatriated,13.0,,,,
2020-04-12,Repatriated,13.0,,,,
2020-04-11,Repatriated,13.0,,,,
2020-04-10,Repatriated,13.0,,,,
2020-04-09,Repatriated,13.0,,,,
2020-04-08,Repatriated,13.0,,,,
2020-04-07,Repatriated,13.0,,,,
2020-04-06,Repatriated,13.0,,,,
2020-04-05,Repatriated,13.0,,,,
2020-04-04,Repatriated,13.0,,,,
2020-04-03,Repatriated,12.0,,,,
2020-04-02,Repatriated,10.0,,,,
2020-04-01,Repatriated,9.0,,,,
2020-03-31,Repatriated,9.0,,,,
2020-03-30,Repatriated,8.0,,,,
2020-03-29,Repatriated,4.0,,,,
2020-03-28,Repatriated,4.0,,,,
2020-03-27,Repatriated,2.0,,,,
2020-03-26,Repatriated,1.0,,,,
2020-03-25,Repatriated,1.0,,,,
2020-03-24,Repatriated,0.0,,,,
2020-03-23,Repatriated,0.0,,,,
2020-03-22,Repatriated,0.0,,,,
2020-03-21,Repatriated,0.0,,,,
2020-03-20,Repatriated,0.0,,,,
2020-03-19,Repatriated,0.0,,,,
2020-03-18,Repatriated,0.0,,,,
2020-03-17,Repatriated,0.0,,,,
2020-03-16,Repatriated,0.0,,,,
2020-03-15,Repatriated,0.0,,,,
2020-03-14,Repatriated,0.0,,,,
2020-03-13,Repatriated,0.0,,,,
2020-03-12,Repatriated,0.0,,,,
2020-03-11,Repatriated,0.0,,,,
2020-03-10,Repatriated,,,,,
2020-03-09,Repatriated,,,,,
2020-03-08,Repatriated,,,,,
2020-03-07,Repatriated,,,,,
2020-03-06,Repatriated,,,,,
2020-03-05,Repatriated,,,,,
2020-03-04,Repatriated,,,,,
2020-03-03,Repatriated,,,,,
2020-03-02,Repatriated,,,,,
2020-03-01,Repatriated,,,,,
2020-02-29,Repatriated,,,,,
2020-02-28,Repatriated,,,,,
2020-02-27,Repatriated,,,,,
2020-02-26,Repatriated,,,,,
2020-02-25,Repatriated,,,,,
2020-02-24,Repatriated,,,,,
2020-02-23,Repatriated,,,,,
2020-02-22,Repatriated,,,,,
2020-02-21,Repatriated,,,,,
2020-02-20,Repatriated,,,,,
2020-02-19,Repatriated,,,,,
2020-02-18,Repatriated,,,,,
2020-02-17,Repatriated,,,,,
2020-02-16,Repatriated,,,,,
2020-02-15,Repatriated,,,,,
2020-02-14,Repatriated,,,,,
2020-02-13,Repatriated,,,,,
2020-02-12,Repatriated,,,,,
